DATE,STAR,LIKE,REVIEW
20210810,별표 5개 만점에 1개를 받았습니다.,6,아니.. 이게 무슨 가격수정이랑 메뉴 수정등 저희가 못하는게 말이됩니까? 무슨 이메일로 보내달라고 하는데 말이 안돼요 이거 수정좀 해주세요 배차도 너무 느리구요..
20210731,별표 5개 만점에 2개를 받았습니다.,11,전 사장인데요 어플 빠르게 개선좀 해주세요 주문 수락 포스기로 눌렀는데 쿠팡이츠주문이라고 소리 계속나요 핸드폰 터치하기 전까지 그리고 배달원 배정되고 취소되는 소리도 났는데 이젠 그거조차 안나네요 미쳤어요 진짜 실시간 업데이트가 안되고 있어요
20210806,별표 5개 만점에 1개를 받았습니다.,8,고객센터는 가맹점 편의를 위해 하는일이 뭡니까 말도안되는 리뷰건으로 고객과 통화도 안되고 그럼 말좀 전해달라구 환불이든 뭐든 해드리고 싶다고 매장으로 전화한번 부탁드린다고 전해 달랫더니 리뷰건으로는 고객한테 전화도 못하고 레뷰에 답글달아서 알아서 해결하라고 하면 고객센터 있는 이유가 뭐에요 새우튀김 사건이후로도 처우가 전혀 개선 되지않았네요 진심 정떨어져서 때려치고싶다
20210803,별표 5개 만점에 2개를 받았습니다.,3,기사가 잡혀도 전에는 소리가 났는데 소리가. 안나요 새로고침을 해야 배송기사가 보이네요 소리라도 기사잡히면 나게 바꿔주세요!
20210801,별표 5개 만점에 1개를 받았습니다.,3,배달민족 처럼 메뉴 한눈에 볼수있게 큰글씨 굵게 좀 폰트 수정해라. 물론 니들은 리뷰 보고 개선 할 의지 없다는거 잘 안다.
20210603,별표 5개 만점에 1개를 받았습니다.,46,"음식은 5분~10분 조리시간내로 나와서 완료되어있고, 배차는 30분 넘어서도 되질않아요. 손님은 5분밖에 안남았는데 출발했냐고 전화오십니다. 그리고 배차 된다는게 기사님 35분내 도착떠있고 그래서 회사측에 물어보려고 고객센터 전화하면 연결하는데만 10분넘게 걸립니다. 저는 답변 하나 듣는데 20분걸렸어요. 고객센터때문에 손님께서 또 뭐라하십니다. 답변이 느리다고요. 손님은 취소해달라하시고요. 배달 한개씩만 가면뭐해요? 여러개 잡아서 가는 대행업체보다 훨씬 더 느려요 . 음식은 식어서 질만 떨어지고요. 왜 이런 서비스를 강제적으로 손님께 제공해야되는겁니까? 그건 둘째치고 고객센터 처리능력은요? 너무 오래걸리고 배민에비교하면 말도 안나옵니다. 손님은 가게에 뭐라하시고, 저희도 손님입장이 이해돼요. 하지만 회사입장은 이해할수없네요. 저희만 더 힘드네요."
20210622,별표 5개 만점에 1개를 받았습니다.,24,"PC로 주문수락했으면 폰에 알림 자동으로 안꺼지게 만들고, 폰에 알림 안누르면 25만년 동안 울리게해놨네 진짜 생각없니? 기술력+생각은 19세기네 완전..써보긴 하고 출시하니? 아무생각없이 만들면 다되는줄아네"
20210608,별표 5개 만점에 1개를 받았습니다.,29,진짜 불편합니다. 너무 무슨 메뉴 금액수정 하나 하는데 메일로 보내면 영업일 기준 3일걸린다 하고 3일 지나도 수정도 안되고 금액 수정쯤은 우리가 하게끔 만들어야지 이게 뭐하자는 건지 기다리다 혈압터져 죽어요. 금액 수정안되어 매번 오픈 안한고 앱 닫아놓기 일쑤니
20210702,별표 5개 만점에 1개를 받았습니다.,17,아니 내가 사장인데 내맘대로 메뉴수정및 가격조정도 안되고 배달도 개판이고 나도 쿠팡잇츠로 들어오는 주문 개판치가 보낼수밖에
20210617,별표 5개 만점에 1개를 받았습니다.,3,점주 피말리는 수수료 늦은배차 불편한메뉴설정 판매금액21000원 정산금액 12542원 - (재료비 7500+ 인건비@ +기타@) 얼마가 남을까요.......
20210611,별표 5개 만점에 1개를 받았습니다.,3,별 한개도 아깝다 너희들때문에 늘어난 그지들 때문에 죽어나가는건 업소지 그걸방관하는 최악의 업체 수수료만 받아먹고 나머지는 모르쇠 지금이야 이그지들 업소에 말도안돼는 리뷰테러하고 환불받고 하지만 나중엔 쿠팡 니들의 암적인 존재가 될꺼다 분명히
20210720,별표 5개 만점에 1개를 받았습니다.,2,너무 구려요 UI 편의성이 너무너무 구려요 개선좀 해주세요
20210709,별표 5개 만점에 2개를 받았습니다.,2,결제금액 자동입금되면 좋겠어요 주소 변경
20210606,별표 5개 만점에 3개를 받았습니다.,7,다좋은데 포스pc주문때 주문이들어오고 프로그램을 누르면 홈화면이 먼저나와서 부모님들이 자주헷갈려하시고 알려드려도 까먹습니다. 주문접수 화면으로 바로 나오게끔 패치하면 좋을거 같네요. 그리고 볼륨 평균수치를 좀더 높여줬으면 좋겠습니다. 스피커를 최대로 틀었는데도 작게나옵니다.
20210601,별표 5개 만점에 1개를 받았습니다.,7,볼륨 조절이 왜 안되죠?? 이어폰 끼다가 작게 소리 틀다가 주문이 들어오면 급속도록 자동으로 커지고 무슨 조절할 수 있는 방법 없나요?? 쓰다가 고막 나가겠네 고막 나가면 책임 질껀가? 고막 나가기 전에 깜짝깜짝 놀라서 심장마비로 먼저 죽겠다. 고객센터나 공지사항에 그런것 좀 적어줘요 짜증나게
20210601,별표 5개 만점에 1개를 받았습니다.,28,메뉴사진이 마음에 안들어서ㅡㅡ 다른사진으로 바꾼다고 하면 계~~속 이메일로 보내라고만함... 배민이었으면 내가 직접바꾸는데 쿠팡이츠! 진짜 왜 이메일로 고집하는지 모르겠음 메일로 보내도 3일이나 기다려야되고! 진짜 답답함
20210607,별표 5개 만점에 1개를 받았습니다.,15,정산 관리 에러 계속뜨는데 언제 수정될라나 두세달된거같은데 관리가안되는군
20210330,별표 5개 만점에 1개를 받았습니다.,57,1점도 아까움 정말 욕이라도 퍼주고싶은데 광고비 없다는 명목으로 배달비에 중계수수료까지 타사보다 더 내고있는건 아시는지.. 그러면서 고객들 요청사항은 다 들어죠야하고 터무니없는 리뷰에는 답글도 달수없게 만들어놓고 정작 당신들은 사장님들 요청사항 안보이나? 안들려요? 지금 다들 요청하고 계시잖아요 배달기사들 수수료는 내려서 파업까지 이르게 해놓고 정작 업주들에겐 수수료 따박따박 다 떼어가면서 요즘 첫주문인데 많이주면 리뷰작성한다는 놈이 3주째 진상짓을 하는데 진짜 처음인건지 습관적으로 써쳐먹는 습관인건지.. 코로나로 어려워 울며겨자먹기로 당신들 회사에 돈 퍼다주고 있는 사장님들 말도 귀담아 쳐들어주시길 리뷰 댓글도 달고 사장님들도 할말은 하고 삽시다 타사서는 지키지도않는 개인정보는 쓸데없이 지켜주고 난리들이신지.. 그리고 당신들 별점은 누가 계산하는지.. 죄다 1점씩들이고만 평균이 너무 높네 난 4.8에서 4.9올라가는게 하늘의 별따기더만
20210401,별표 5개 만점에 1개를 받았습니다.,13,"비싼 배달비, 그리고 그렇게 빠르지도않음 일반 푸드퀵 기사님들도 쿠팡어플깔고 다님. 그러면 한집만 가는건지 알수가없음.. 즉, 눈가리고 아웅하는거임 진짜 별론데 영업시간중에 하나라도 더팔자는 생각으로 쓰긴쓰는데 진짜 별로. 매장에서 배달갈수잇도록해주든가"
20210505,별표 5개 만점에 1개를 받았습니다.,19,동시로그인 왜 안되나요?폰을 두대 세대 들고있어야되게 해놓으니 쿠팡이츠 주문~!울리면 당최 어느폰에서 울리는지 찾아야하고.한개의 폰에서 동시로그인들 되게 해주쇼.1폰에 1로그인말고 1폰에서 3로그인정도는 되게해줘야 폰한개로 어디서 무슨주문이 왔는지 한번에 캐치할텐데. 이러나저러나 진짜 불편한 앱이고 불편한 쿠팡이네요.전혀 사장님에대한 배려는1도없는.개선도없고 발전도없으면 그냥 쿠팡 빼렵니다.배민이나 쭉받지뭐.
20210402,별표 5개 만점에 3개를 받았습니다.,19,아니 다 괜찮은데 주문들어오면 계에에속 쿠팡이츠? 주문! 이러는것도 짜증나는데 좀 늦으면 전화오는건 좀 아니라고 보네요; 가게에서 핸드폰이랑 포스만 보고있을 것도 아니잖아요 또 사장님댓글은 왜 안열어준답니까? 솔직히 쿠팡이츠 파트너들이 늦은거 갖다가 우리가 욕먹어야 할 일도 아니고 우리가 포장 잘못해서 피해라도 갔다면 사과문이라도 쓸 수 있게 해줘야 하는 부분 아닙니까? 사장님 댓글이 유일하게 소비자와 소통할수 있는 창구라고 보는 사람 입장에서 다른 배달 어플들은 다 되는데 이건 왜 안될까라는 생각이 들게 합니다 제발 사장님 댓글좀 열어주세요 쫌
20210409,별표 5개 만점에 1개를 받았습니다.,31,서비스 다처먹고 음식도 다처먹고 맛없다고 버리겠다는 글!!!! 지우지도못하고 반박글도 못달고... 신고하면 지워주지도않고 장사하는 사람한테는 리뷰하나하나가 얼마나 중요한데....사장댓글기능만들어주시요!!! 니들이 일하기싫으면 내가 욕이라도 할테니....음식다처먹고 못받았다고 전화와도 확인도않해보고 음식다시 해주라그러고.....우리돈받아먹고 직원들 월급줄꺼면 업주들말에 귀기울여라!!!!제발!!!!!!!!!
20210428,별표 5개 만점에 1개를 받았습니다.,10,음식나오고 30분이지나도 40분이 지나도 기사는 배정안되고 음식은 다식고 손님 불만은 고스란히 가게로 오고... 세상에 뭔 이런 배달어플이 있는지... 1인 1배달이면 뭐해? 배달시간이 한시간인데...
20210304,별표 5개 만점에 1개를 받았습니다.,33,당최 왜이렇게만든건지.. 리뷰관리안되고 고객정보전혀없고 메뉴빠뜨린거없는데본인이 무슨메뉴인지모르고시켜서 전화응대했는데 리뷰는 메뉴안왔다고 별점테러 사진설정안되서 정해주는걸로했더니 사진이랑틀리다고 별점테러 수정요청해도 깜깜무소식 더써봐야 손가락만아프고 참고들하세요 정말최악입니다.
20210405,별표 5개 만점에 1개를 받았습니다.,28,"비싼 수수료, 불친절한 배달기사, 메뉴수정 할려면 메일을 보내야되는 불편함, 고객센터에 문의하면 매번 담당부서에 전달한다고 하는 똑같은 멘트 그리곤 개선할 마음이 있는지 궁금한 쿠팡이츠"
20210517,별표 5개 만점에 1개를 받았습니다.,11,스트레스만 쌓이는 앱 그냥 서비스 종료 하는 걸 바랄 정도입니다. 종료하면 스트레스는 안 받을테니까요 퀵 기사분들 잡혀도 다 취소하고 기사분들 오는데 20분 이상은 추가로 걸려요 40분 동안 배정중만 뜨는 경우도 있고 (조리시간 15분 잡으면 기사분 오시는데 35분 이상 걸림) 저녁엔 문의 전화 받지도 않고 사장님들이 개선 요청 하는건 한 귀로 듣고 한 귀로 흘리는지.. 제발 개선 좀 해주세요 그게 안 되면 서비스 종료 해주시던지
20210424,별표 5개 만점에 1개를 받았습니다.,18,제발 서울에서만 하고 경기도에서 쳐 나가세요 음식 시간에 딱 만들어놓으면 제시간에 가져가는 적이 없어 배달기사 매번 부족하다고 주문 취소된적도 한두번도 아니고 환불만 해주면 단가.. 기본 배달 픽업시간은 음식 만들어놨다고 하면 +20분은 걸림 제발 서울에서만 잘되면 서울에서만 하고 경기도 그리고 다른데에는 들어올 생각조차 하지말고 제발 도로 쳐 나가세요 부탁드립니다
20210303,별표 5개 만점에 1개를 받았습니다.,31,"참여하고 있는 음식점인데요, 개인의 주관적이고 악의적이고 의도적인 불순한 목적으로 거짓된 리뷰를 올리는 손님이 극히 드물게 있고 피해를 보고 있습니다. 객관적인 대응을 할수 있어야되는데 원천적으로 답변을 달수 없는 시스템입니다. 콜센타에 문제점을 제기해도 개선이 되지 않습니다. 음식 제공하는 업소도 엄연히 쿠팡의 고객입니다. 주문손님만 고객이 아닙니다. 쿠팡도 손님도 업소도 더불어 발전하기 위해서, 업소의 답변도 달수 있도록 해야합니다. 이대로는 업소도 이탈할꺼고 결국 쿠팡은 성공하지 못할겁니다! 배달의 민족을 배우세요!"
20210402,별표 5개 만점에 1개를 받았습니다.,13,1인분 13000 원 메뉴하나 여기서 팔면 배달비 5000원에 수수료 1000원에 결제 수수료330 원 빠지면 재료비 4000원 빠지면 진짜 남는게 2670 원인데 안쓸수도 없고 프로모션 기간 끝나면 13000 원짜리는 수수료15 프로(1950 원) 대행비 6000 원 결제 수수료 330원 빠지면 720 원 버는데 게다가 도저히 안될거 같아서 팁 2 천원 받으니깐 주문이 안들어와서 어쩔수 없이 배달팁 1천원 받는데 니들이 시장가 조지는 원흉이다 코로나 때문에 다힘든데 자영업자랑 소비자 둘다 조지는 상술은 적당히 해라 배달이 빠르면 모르겠는데 도대체 왜이딴식인지참
20210517,별표 5개 만점에 4개를 받았습니다.,3,영업환경에따라변화되는매장정보를 수시로고객에게전달될수없음 (고객센타에전화해서변경하는것이 불편힘 연결지연 내용설명등)
20210522,별표 5개 만점에 1개를 받았습니다.,2,주소를 볼수 없는걸 아는걸 악용해 온갖 쓰레기고객들도 말리지만 대처를 못함ㅋㅋ 궁여지책으로 하나 정말 개같은 배달어플이라고 생각함ㅋㅋ 고객한테 2500떼가고 5000원 배달비 넘어도 다 떼가면서 업소에게는 왜 뜯어가는지 이해가 안감 라이더도20분잡히고 취소하면 20분 잡히고 무한반복
20210304,별표 5개 만점에 1개를 받았습니다.,13,어떤기사님 그냥음식만 문앞에 두고가서 고객님 전화와서 확인하니 음식 식어 있다고 전화온 일이 있었어요~~ 쿠팡기사님들 교육이 잘안되거 같아요~~
20210430,별표 5개 만점에 1개를 받았습니다.,3,딴건 모르겠고 진짜 배정좀 빨리잡혀라 난 준비 다해놨는데 가게는 바쁜데 음식은 안가져가고 그러다 늦어서 음식 식으면 내가 욕이란 욕은 다먹고 리뷰써놓으면 우린 거기에 답도 못달아 놓게 하고 개선좀 하라고 제발 돈 쳐가져가는만큼
20210402,별표 5개 만점에 1개를 받았습니다.,5,예상 조리시간 5~10분 해놓고 4분에 조리완료 누르면 평점깍이는거 개선되었는지 모르겠네요. PC와 앱 딜레이는 여전한것 같고
20210421,별표 5개 만점에 1개를 받았습니다.,3,메뉴 추가 메뉴 사진 전혀 사용자를 베려하지 않은 어플!!!! 먼저 하고 있는 어플들 쫌 보고 배우세요!!
20210326,별표 5개 만점에 1개를 받았습니다.,26,ㅋㅋㅋㅋㅋㅋ한개 배달이 빠르다고요? 기사 잡히는데 30분 배달 가는데 30분 ㅋㅋㅋ 가다가 식는데 뭐가 빠르다는건지 ~ 수수료를 그렇게 받으시면서요
20210403,별표 5개 만점에 1개를 받았습니다.,7,1점도 아깝죠 수수료에 기사님 배달료에 부가세에 솔직히 백화점 유통보다 많이 가져가는데는 처음임 결국 피해는 음식시켜먹는 사람만 호구되서 배달업 다 망할거임
20210704,별표 5개 만점에 1개를 받았습니다.,1,고객센터 통화되려면 20분걸림
20210331,별표 5개 만점에 1개를 받았습니다.,14,개판입니다... 갈비찜집을 운영 하는데 갈비찜이라검색하면 맨 하단에뜨고 삼겹살 심지어 아구찜이 상단에노출 됩니다 장사를하라는건지마라는건지
20210411,별표 5개 만점에 1개를 받았습니다.,17,하 배달기사분들 시간배정 제때좀보내주세요 어떨때는 너무빨리오셔서 못기다리시고 그냥 가시고 어떨때는 준비다해도 20분30분 늦게오시고 쿠팡 1집만간다고 빠리간다고 홍보하시던데 타플랫폼보다 빠른거 못느끼겠어요 추가로 또씀 배달기사들 음식가져가고 픽업을 일부러 안누르는듯 알기론 픽업눌러야 배송지 나오는거로 알고있는데 이건 다른 배달어플 같이 배송한다는거로 추정됨 기사분들도 문제지만 이건 배달비 쥐꼬리주는 쿠팡문제가 더크다고봄 2500원 주기전엔 이런일 보기힘들었음 상담사분들은 뭔죄로 이런걸로 기분나쁜소리 들어야되는지... 개선 안되면 고객이고 사장님들이고 다떠납니다
20210404,별표 5개 만점에 1개를 받았습니다.,7,상점 주인은 호구만드는 앱 솔찍히 건당 5-6천원씩 빠지는데 배달기사 관리를 해야지 정상 아닌가? 배달기사 평가하면 반영되는지 의문 피드백도 느림
20210401,별표 5개 만점에 1개를 받았습니다.,7,거리멀면 배차안됨 민간인들이 하는거라 지맘대로임 고객센터 연결도 어렵고 요청하면 반영까지 한달은 기본임 걍 쇼핑몰이나 할것을 당부함
20210508,별표 5개 만점에 5개를 받았습니다.,6,주문자의 요구를 손쉽게 정리할 수 있고 손익 계산을 한 눈에 들여다 볼 수 있어서 장사하기가 행복합니다!
20210330,별표 5개 만점에 1개를 받았습니다.,19,우리매장은 배달원이 있는데 굳이 배달료 줘가면서 배차되지도않고 늦게오고 전문성없고 불친절한 쿠팡이츠 기사한테 배송을 보내야하나요? 차라리 매장에서 직배송 보낼게요. 그게 더빠르고 더좋은 서비스를 고객에게 제공할수 있습니다. 고객에게 터무니티없이 비싼 배달료를 요구 안해도되구요. 1픽1배송이 원칙이지만 투폰 쓰리폰으로 엮어다닐기사는 다엮어다닙니다. 배달대행 4개 픽업해서 4개 가는데 20분 쿠팡 하나 픽업해서 하나가는데 30분 ㅋㅋㅋㅋ 어이가없네요
20210702,별표 5개 만점에 1개를 받았습니다.,1,사용하기전인데 쓰레기인게느껴짐ㅋ하 다들하니까사용해본다 ..
20210330,별표 5개 만점에 1개를 받았습니다.,6,아니 가격이랑 퀵비는 어디서 바꾸라고 메일도 안되고 쳇톡도 안되고 전화도 안되고 어쩌라고
20210308,별표 5개 만점에 1개를 받았습니다.,7,진짜 최악이다 아니 고객주소는 알아야하는거 아닌가? 매장으로 전화와서 다짜고짜 따지면 아진짜 이런 개xx은 배달을 왜 만든건가요? 그리고 주문 접수가 되면 무슨 기사님들이 바로와 시간도 쿠팡 측에서 조리시간 잡아났다고해도 조리도 안들어 갔는데 기사들와서 한두번 난감한게 아니다 쿠팡배달 문제있다 진짜
20210430,별표 5개 만점에 1개를 받았습니다.,3,배달 파트너 어이없네 픽업 안와서 전화해서 빨리 와달라고 배달 가는곳 가깝냐고 물어보니 '몰라요 가서 보죠 뭐' 이러는데 할말을 잃음 와서도 빨리 배달 가달라고 음식 나온지 한참 됐다니까 지는 바로 왓다고 이런곳 처음이네 하면서 지가 더 어이없어하네 고객센터에 민원 넣으니 우리 매장에서 컨플레인 들어왔다 전달한다고 하는데 해코지 당하라는건가요 ㅋㅋㅋㅋㅋㅋ
20210325,별표 5개 만점에 1개를 받았습니다.,8,메뉴값 30프로 높게 잡아야 유지될겁니다 2만원짜리면 2만 6천원 올리지않으면 적자
20210424,별표 5개 만점에 1개를 받았습니다.,5,주문하는 고객보다 매장위치 물어보는 기사가 더 많은 쿠팡이츠 묻지마 별점 테러에도 대응 못하게 하는 쿠팡이츠 우리들한테 돈 받아서 직원들 월급 주는데 왜 우리한테 불리한 정책만 내놓고 있음? 진짜 리뷰에 댓글이라도 작성할 수 있게 좀 해줘라 ㅡ ㅡ
20210327,별표 5개 만점에 1개를 받았습니다.,6,사장들이 고객리뷰를 신경쓰듯이 쿠팡이츠 스토어측도 여기 업주들 리뷰를 제발 좀 참고해서 개선하세요...! 고객정보 보호 좋지요. 그런데 업주 보호는 하나도 안됩니다. 댓글도 못달고 악의성이 보여도 조치도 못해요. 신고기능이 있으면 뭐하나요? 신고해도 제대로 구분도 못하던데요? 사장댓글 다는게 소비자 보호 안되는거랑 무슨 상관이죠? 업주들은 억울해도 된다는 건가요? 오해가 있어 사정을 전달하고 싶어도 댓글을 못다니 고객은 오해한채로 떠납니다. 최소한 해당 고객이 평소에도 악의적인 리뷰를 쓰는 사람인지는 업주들도 알아야 하지 않나요? 최소한 배민처럼 이사람의 댓글기록을 볼 수 있게라도 해놔야죠. 전에 전화해보니 민원같은 게 있어도 처리하는 부서도 없더군요. 여기업주들이 다 1점을 주는 이유를 쫌...!!!!생각하고 개선 좀 하세요. 배민 이기고 싶은 거 아닌가요? 고객보호랑 고객혜택만 있으면 이길 수 있을까요? 무작정 현체제를 유지하는게 아니라 부족한 건 채우세요. 좀!
20210610,별표 5개 만점에 1개를 받았습니다.,1,배민 참고좀 하세요 에휴 너무 부족해요
20210401,별표 5개 만점에 1개를 받았습니다.,3,아니 장사해야되는데 갑자기업뎃하라고하면 어떡하냐 몇초만에 수락못누르면 점수떨구면서
20210331,별표 5개 만점에 1개를 받았습니다.,3,"쿠팡이츠 2달째 사용중인 사장입니다. 광고로는 소비자한테 ""쿠팡이츠는 고객한테 바로가니까 맛과 따뜻함이 그대로"" ""어떻게 배달순서가 랜덤이냐""광고하는데 바로만가면 뭐합니까 배달기사 잡힐 시간도 랜덤인데 조리시간 맞춰서조리 다해도 기사가 안잡혀서 대기만하다가 20 분넘게 걸려서 다 식는데 그래서 전화하면 그러면 혹시 다시 조리하시겠습니까? 이러시는데 그러면 시간은 자꾸지연되고 그러다보면 늦게 배달되면 그 리스크를 가맹점 사장이 떠안는게 말이되나요? 배달대행기사도 호출시간 요청시간 에서 +-10대로 해결이 됩니다. 주소도몰라서 사장은 손만 빨고있어야한다니 사장이 배달기사 등록해서 위치보고 배달가게생겼어요"
20210706,별표 5개 만점에 1개를 받았습니다.,3,사장들 죽이는앱 ㅋㅋㅋㅋ 수수료는 엄청떼가는데 사장들은 진짜 지나가는 똥개만도 취급안해줌 ㅋㅋㅋ
20210610,별표 5개 만점에 1개를 받았습니다.,4,(20201220)와.. 관리 진짜 안한다. 여기 댓글 달아봐야 쿠팡에서는 처다도 않보는구나. 리뷰에 댓글이 하나도 안보이네. 개무시 당하는 기분이네 (20210610)작년12월에 요청한 AS는 아직도 깜깜 무소식.
20210603,별표 5개 만점에 1개를 받았습니다.,1,조리완료.수문수락.별점등 그렇다치자. 빨리만들어야 그린등급? 100인분이 들어와도 패스트푸드도 아닌 메뉴들도?
20210421,별표 5개 만점에 1개를 받았습니다.,2,정말 쿠팡 시스템 별하나도 아깝네요.
20210612,별표 5개 만점에 1개를 받았습니다.,1,배민매출이높다면 쓰지마세요 진심 속터져요
20210517,별표 5개 만점에 4개를 받았습니다.,1,메뉴사진과 새메뉴도 내가 올릴수 있음 좋겠습니
20210610,별표 5개 만점에 1개를 받았습니다.,1,별도 주기 싫다ㅋㅋㅋㅋㅋ 진짜 최악임
20210226,별표 5개 만점에 1개를 받았습니다.,36,쿠팡이츠 스토어도 하고 시간날때면 배달파트너도하고 배달도 잘시켜먹거든요 진짜 허접한부분은 기사가 잘못두고오면 손님은 연락처알길이없음 가게저나하니 그새 가게문닫음 이런 경우는 전혀 생각하지않은채 어플개발한건지 글고 떼가는돈은 배달앱에서 최고 비싸고 대략 건당6천원대고 웬만하면 배달파트너하면 건당 3천원대 너무 떼가는게많아요
20210412,별표 5개 만점에 2개를 받았습니다.,1,배달원 배정 시간이 느려요.. 제가 조리시간을 10-15분으로 설정해도 배달원이 25분뒤에 오는데 ㅎㅎㅎ 음식은 더 빨리 만들 수 있는데 배달원 배정 시간때문에 일부러 늦게 조리합니다 그리고 리뷰에 댓글다는 기능 좀 만들어주세요
20210527,별표 5개 만점에 1개를 받았습니다.,1,조리시간 15분설정 후 시간내조리완료 근데 배달파트너 매장도착이 30분뒤에옴 치타배달은 무슨 ㅡㅡ 고객한테최종도착 55분걸림 장난치냐?
20210401,별표 5개 만점에 1개를 받았습니다.,1,업데이트하라해서 하는데 설치가 안되요 짜증
20210227,별표 5개 만점에 1개를 받았습니다.,21,분명 고객이 추가하신 사이드메뉴를 기사가가져감 손님 사이드메뉴안왔다고 리뷰 별1에 거지같이글씀 업소입장으로써 댓글도못달고 억울하게 당해야함 고객센터전화했더니 상담사말투 띠껍고 나한테 머라하냐는식임 상담사를하지말던가 고객주소도정보도 안나옴 상황대처조차 할수없이 앉아서 당하는꼴 자영업업소가 먼 샌드백도아니고 억울하게 당해야만하는건가? 상담원들도 말투자체부터가 항상 화나있고 친절하지도않음
20200924,별표 5개 만점에 2개를 받았습니다.,52,알람온오프기능 생긴건 좋아요. 드디어 일하나보네요. 다만 서비스측면이 별로에요. 메뉴 추가 및 메뉴명 바꾸는것도 왜 항상 메일을 통해서 해야하는지 이해가 안됩니다. 번거롭고 오래걸리고. 그리고 쿠팡 기사님들 교육을 좀 진행해주세요. 적어도 기사 등록전에 기본적으로 숙지하거나 예의등에 대해서요 쿠팡이츠는 기사님들이 따로 배달대행업체가 아닌 투잡하시는분들이 많은걸로 알고있고 실제로 그런분들이 매장에 많이 찾아주세요. 다만 기사님들로써 기본적으로 알아두셔야 할것들 예를들어 매장에 들어갔을때 함부로 주방에 들어가면 안되는 것들 . 주문금액으로 판단하지말고 주문번호로 확인할것들. 등등 기본적인 교육을 좀 진행하시길 바랍니다. 기사들 앱에서 뜨는 금액은 배달료가 제외된금액이기에 맨날 이거 맞냐고 물어보시는 기사님들이 태반입니다. 정신없이 바쁜데 주방에 불쑥 들어오질 않나 기사님들이 모르셔서 그럴 수 있다하지만 가끔 저도모르게 쿠팡기사님들은 좀 쌀쌀맞게 대해지더군요.
20200909,별표 5개 만점에 1개를 받았습니다.,12,앱 자체로도 거지같고 고객센터는 인성이 거지같습니다. 메뉴 수정 및 추가는 도대체 왜 이렇게 복잡한 과정을 거쳐야 하나요? 메뉴 수정하거나 추가하려면 이메일로 보내라는데 그것도 2~3일 걸려 반영된다네요. 하루하루 바뀌는거 반영해야되는 분들은 어쩌나요?? 메뉴관련 메뉴는 왜 스토어 앱에서만 접근이 가능하죠? 포스 프로그램과 인터넷 홈페이지에서도 가능하게 되어야 하는거 아닌가요?? 그리고 고객센터는 가맹점 사장님들을 자기 아래로 보나요? 다 그러진 않겠지만 제가 경험해본 분은 본인보다 목소리만 들어도 나이가 많은 사람인데도 어미만 존댓말이지 훈계조로 말하고.. 쿠팡 고객만 고객이고 스토어 입점해서 수수료 내는 사장님은 고객도 아니에요? 나도 쿠팡 월회비내고 쓰는 사람인데ㅋㅋㅋㅋ암튼 지금까지는 별로입니다. 개선해주셨음 좋겠어요.
20200927,별표 5개 만점에 2개를 받았습니다.,23,"메뉴수정은 정말 문제가 많은거 같습니다. 수정요청한게 빨리 이뤄지지않는건 고사하고 식당인데 갑자기 커피,디저트메뉴가 생긴건 뭘까요..수정이 어떻게 이뤄지는 모르겠지만 당황스러워요. 항상 들어가서 확인하는거도 아닌데 뜬금없이 저희가 없는 메뉴 파는 가게가 되잖아요.."
20200212,별표 5개 만점에 1개를 받았습니다.,11,근무하지않을때도 어플에 알림기능을 끌수없어 로그아웃을 반복하고있습니다. 소량재고의 경우 수량부족으로인한 주문취소 방지를 위해 품절처리중입니다. 최대 가능수량입력이 가능하다면 좋을것 같습니다. 또 고객과 통화후 주문수락여부 결정이 필요한경우 쉼없이 알림이 울리고 통화중 쿠팡측에서 일방적 취소처리를해버리는 경우가 있어 고객에게 재주문 양해를 구해야함. 보류 버튼같은게 있으면 좋을듯합니다.
20190725,별표 5개 만점에 1개를 받았습니다.,11,"불편한점이 너무 많습니다. 피시로 메뉴품절선택도 안되고 소리 줄이는 것이 안돼요.. 앱도 너무 불안정하고 튕김현상까지 불안정합니다. 손님입장에서 좋을 수 있지만 그만큼 사업자, 점주에게도 편해야하는데 여러가지 비교해보았을 때 불편한점이 많습니다. 문의를 드려도 불만건이 접수되는 건 같지않더라구요. 빠른시일내에 이런 불편한 점들이 개선됐으면 좋겠습니다."
20200919,별표 5개 만점에 1개를 받았습니다.,8,"메뉴수정, 추가 하나 하는걸 영업일 4일이면 주말 2일 포함 6일동안 변경전 메뉴로 장사하라는 말인지원.. 고객센터 전화하면 죄없는 상담원들만 죄송하다 전달하겠다만 앵무새처럼 반복하고.. 그냥 메뉴수정도 알아서 할수있게 좀 바꿉시다. 일처리 진짜 더럽게 더디네"
20210113,별표 5개 만점에 1개를 받았습니다.,50,"모든앱 통틀어서 최악의앱. 메뉴직접 설정 못하고, 배달비나 최소주문도 다 고객센터에 연락해야 됨.그렇다고 바로 되는것도 아니고 1,2주 지나도 변경조차 되지않고 연락도 없음.서비스 미비한데 수수료는 또 겁나가져감. 역사에 남을정도로 안좋은 서비스. 사업 문어발 확장의 부작용 선례로 남을법함"
20200821,별표 5개 만점에 1개를 받았습니다.,14,실제 사용하고잇지만 참 왜이렇개 만들엇는지 모르겟내여 첫째.주문이 와서 잡앗으면 폰에서 그만 울렷으면 좋겟내여 둘째.완료버튼 제가 쿠팡만 쓰느것도 아니고 거기 붙어서 완료버튼 기다렷다가 누르나요? 상담자말이 더 웃김 주문 많아지면 알바한테 시키라고 하니 ㅋㅋ 셋째.리뷰 답글을 왜 못달음? 어처구니 없는글 다른사람이 보고 믿으면 끝? 업체만 나쁜사람되느거 한순간ㅋ 넷째.프로모션프로모션 하는데 프로모션뜻을 알고 그런이름 붙이고 요금표 만드세요 마지막으로 쿠팡이츠는 업주입장측을 생각하고 만들엇나요? 고객층만 생각하고 만들엇나요? 고객이잇어야 업주가 잇고 업주가 잇어야 고객이 잇습니다
20200815,별표 5개 만점에 1개를 받았습니다.,5,포스에서 주문 접수한 후에도 앱에서 주문이 들어왔다는 알림이 계속 울리는데 제발 빨리 수정해주세요. 일하는데 신경 쓰여서 짜증이 납니다. 전화로도 몇달전부터 여러번 수정 요청을 했는데도 수정해주지 않네요. 쿠팡이 작은 회사도 아닌데 말이죠.
20201105,별표 5개 만점에 1개를 받았습니다.,31,"샵인샵 업체 운영합니다. 기기1개당 업체 하나만등록되는거 엄청 불편합니다. 배달 나갈때 영업중지 걸고 나가야되고, 걸어서,자전거배달하는거 인간적으로 아니지 않아요? 지금도 식었다고 클레임들어오는거 보면 다 쿠팡이츠에요, 날 더 추워질건데 음식 식으면 보상 문제가 아니라 고객이 재주문을 안할텐데 오토바이 타고오면 뭐해요 탑박스없어서 음식을 손에 들고가는데 배달자들 안전교육 켜두기만하면 자격생기니 배달 그지같이 하고 주소어디냐고 저한테 물어보는 사람도 있어요ㅋㅋ 어떻게 가야 빠르냐고 장난합니까 업체 사장님들이 고쳐달라고 하는건 관련부서 전달하겠습니다 말만하지말고 뭐라도 개선좀 해봐주세요"
20210226,별표 5개 만점에 1개를 받았습니다.,10,메뉴수정요청도 틀리게해놓구 다시요청해두 3주째깜깜무소식ㅋㅋㅋ 다시전화나요청하기 귀찮아서 냅둠 누락지연하구 시스템자체 많이허접함 너무불편함
20210107,별표 5개 만점에 1개를 받았습니다.,28,"어제부터시작해서 정말 전화를 안받으시네요. 배민보다 못한 쿠팡. 전화좀 받아. 신규가맹점들로인해 통화지연이 10분이상이면 프로그램 수정을 하던가. 우리가 직접 할수있게. 메뉴추가도 본인들한테 보내라하고... 엑셀형식을 원하면 첨부파일에 올려놓고 얘길하든가. 처음해보는 사람은 아예 못할듯!? 이렇게 거지같은 시스템... 매장 노출 일시정지는 왠말인가?? 장사하지 말라는건가?? 어제 통화햇던 상담원 마스크쓰고 얘기하는거떠나서 껌씹으면서 얘기하는것같은데, 다들 서비스정신 없으신듯요?? 비대면이라고 그러는건가요?? 면상 보고싶네요."
20200209,별표 5개 만점에 1개를 받았습니다.,24,알람을 끄거나 볼륨조절 설정좀 해주세요. 영화관이나 알람이 울려야되지 않아야될 상황에서 알람이 울리니 그냥 삭제했다가 다시 설치하네요. 배민 어플 같은 경우는 알람볼륨 조절이 있어서 방해받지않고 주문수락이 가능한데 쿠팡은;; 여러모로 수정할게 많은 어플임. 배민어플을 참고하세요. 배민이 괜히 1위 업체가 아님.
20200211,별표 5개 만점에 1개를 받았습니다.,11,"최악의 어플. 1. 여러 기기에서 쿠팡이츠를 이용할 때 (예를들어 포스기, 핸드폰 2대) 주문이 들어오면 모든 기기에서 시끄럽게 쿠팡이츠주문~~소리가 남. 한 기기에서 주문수락을 했는데도 나머지 기기에서 일정시간동안 계~~~~속 시끄럽게 알림이 나옴. 바빠죽겠는데 굳이굳이 홀까지 나가서 포스기에서 주문확인을 눌러야함. 심지어 어플에서 알림소리를 끄거나 줄이는 기능이 전혀 없음. 쉬는 날에는 로그아웃하든가 지워야함. 2. 조리시간정확도 수치의 문제. 이게 손님한테도 공개되는 건지는 모르겠는데 주문수락시 조리시간을 설정하고 설정한 시간보다 음식이 빨리나오는 경우에도 조리시간정확도 수치가 깎임. 문제는 라이더분들이 가게에서 설정한 조리시간보다 훨씬 일찍 도착해서 음식을 빨리 달라고 닥달함. 조리시간 정확도 수치때문에 가게에서는 음식이 예상보다 빨리나와도 천천~히 줄 수밖에 없음. 다른건몰라도 1번 문제는 진짜 심각한 거임 대학생들이 조별과제로 어플을 기획해도 이렇게는 안 만들 것 같음"
20210401,별표 5개 만점에 5개를 받았습니다.,3,편리하고 좋와요
20210215,별표 5개 만점에 1개를 받았습니다.,20,리뷰관리도안되고 답글도달수없고 매장에서실수가 있어도 고객한테 피드백도줄수없고 기껏 별점올려서 치타배달하려고 노력했더니 별점테러 리뷰테러. 전 쿠팡이츠해지했습니다. 갑질하지맙시다 쿠팡은 다신안쓸겁니다. 쿠팡을하려는 사장님들 쿠팡이츠는아닙니다. 잘생각하시고 결정하세요
20210202,별표 5개 만점에 1개를 받았습니다.,5,"사용자가 불편을 호소하면 수정기간이 걸릴수는있습니다 하지만 시간들여 작성한 리뷰에 답변은 해주시는게 맞지않을까요? 그래야 내 불편함을 어떻게 진행중인지 정도는 알수있다 생각합니다 다른분들 리뷰보니 손님, 매장사장님, 배달기사님 대부분 불변함을 남기시는데 답글하나 없네요 기대한만큼 아쉬움이 너무나 큰 앱이네요"
20201108,별표 5개 만점에 3개를 받았습니다.,15,다른 배달업체에 비해서 전반적인 시스템이 좋습니다 다만 조리완료 시간을 배달도착하신분이 누를수 있게 하는것은 조금의 잘못된 프로시져라고 생각하네요.. 배달원들이 미리 오시는거는 좋지만 그분들때문에 더 빨리해야되고 또 그분들이 받자 마자 누르면 점수가 줄어드는 시스템에는 분명 개선이 필요하다고 보이네요. 잘사용하고 있습니다. 감사합니다
20210225,별표 5개 만점에 1개를 받았습니다.,10,양아치~ 배달요금 체계 다시 자기네 배불리기로 바꿈 메뉴도 바꿀라면 오래걸리고 치타배달인데도 손님한테 안보이게 되어있는데 무책임함
20201222,별표 5개 만점에 1개를 받았습니다.,43,"메뉴수정 요청도 4일이나 걸리고, 거기에 문의하려고 고객센터에 전화하니 상담사 일하기 싫으면 일 하지 마세요. 그렇게 불친절하고 한숨쉬면서 응대하는 상담사는 어딜가도 처음이네요. 맘 같아서는 장난하냐고 소리라도 지르고 싶었지만 그런 태도로 일하는 사람이 그런다고 본인의 잘못을 알까싶어 그만뒀습니다. 정말 최악의 배달 서비스인것 같네요"
20201209,별표 5개 만점에 1개를 받았습니다.,48,가게 운영하시는 분들!!! 애써 힘들게 쌓아올린 가게이미지 망가트리고 싶지않으시다면 절대절대절대 사용하지 않으심을 강력추천드립니다. 요청만 했다하면 기본 영업일 기준 이틀. 아 요청사항 해결이 이틀이 아닌 담당부서 연락오는것이 영업일 기준 빨라야 이틀..심지어 탈퇴 또한 영업일 기준 이틀뒤 담당부서 연락~와서 해주는 거라곤 문자 따라쓰기^^요즘 같이 힘든때에 배달만이 희망인데..배달로 가게 이미지 초박살에..안하는 것만 못한 효과!!!시스템 자체 구축이 아직 안된건지 뭔지~~쿠팡이트 사용하실 업주님들 고객센터 전화해서 요청사항 말하려면 한번두번 전화해서는 전달도 안되니 꼭 두세번씩 확인하시기바랍니다~다들 건승하세요
20210226,별표 5개 만점에 1개를 받았습니다.,8,부산은 전혀 신경안써주시네요ㅎ 주문서 출력안된다고 11월부터 문의를 해도 연락한통없고 라이더분들 보온통도없이 거의 도보로 평균 30분넘게 배달시간 걸리고 빠른배달 컨셉맞나요? 식은 음식 불만전화는 제 몫인가요ㅎ 저희 프랜차이즈 가맹점들은 거의 계약해지했네요!!
20210105,별표 5개 만점에 1개를 받았습니다.,54,쿠팡이츠 가맹점을 하면서 배달파트너도 병행하고 있습니다. 배달지연 10분 한번 눌렀더니 배정이 안되서 배달하시는 분이 한시간 뒤에 오네요. 웃긴 건 제가 배달 파트너 앱을 계속 온라인으로 해두고 있었다는 거죠. 가게 밖에 있었던 것도 아니고 계속 안에 있어서 제일 가까운 거리에 있던 배달원이 저였는데도 끝까지 알림이 안왔어요. 아무리 생각해도 10분 지연버튼 한번 눌렀다는 죄목으로 페널티를 먹인 건데 1시간이나 지연시킨 건 너무하지 않습니까? 쿠팡 담당자님 보세요. 가맹점 사장님들을 무슨 쿠팡맨처럼 생각하지 마세요. 님들이 저희들 고용한 거 아닙니다. 로봇처럼 착착 움직이는 걸 원하다면 월급을 주세요. 그리고 가맹점이자 파트너라면 사장직접배달 같은 버튼 만들어서 우선권을 주세요. 왜 배달원이 안잡히면 우리가 발만 동동 굴러야 합니까?
20190912,별표 5개 만점에 1개를 받았습니다.,9,"아직도 가게에서 직접 상품 금액 변경도 못하고, 전화로도 신청 못하고, 오로지 이메일로만 신청해야 하고, 신청해도 평일 기준으로 2~3일 걸리고.. 이건 무슨.. 쿠팡 이츠가 나온 지가 얼마나 됐는데 아직도 이런 기본 기능이 없는지"
20201119,별표 5개 만점에 1개를 받았습니다.,22,메뉴수정 할때 일일히 메일보내야 되고 바로 해결되는것도 아니고 며칠 소요됨 조리시간 맞추라고 압박주면서 배달파트너는 그 시간안에 안오고 그에 따라 오는 불이익 가맹점 부담(리뷰 안좋게 달리면 쿠팡이 해결해준단식으로 말하는데 리뷰만 안달리면 끝? 그 손님은 다신 우리매장 안올 가능성 높음) 치타배달선정 기준 다 맞춰도 치타배달 떨어짐 전주보다도 점수가 다 올랐는데 떨어짐 대체 쿠팡이 말하는 기준점수가 뭔지 모르겠음ㅋㅋ 외에도 주문수락해도 알람 안꺼짐 핸드폰 몇번이나 껐다킴 건의할거 있어서 전화하면 확인해보고 이틀안에 연락준다 하고선 먼저 연락할때까지 연락 절대안옴
20210125,별표 5개 만점에 1개를 받았습니다.,18,"햐~~완전 쓰레기네요 메뉴가격수정도 일주일 지나도록 변경도않되고 상담원은 그냥 죄송합니다면 끝이구 조리완료버튼도 시간되서 눌러야 패널티않받고 기사는 일찍와서 조리완료시간 마춰야한다니 짜증내고 가끔 기사들 들어오자마자 픽업눌러서 조리완료 못눌러서 패널티먹고 건의사항 몇번을 얘기해도 바뀌는건없고 그 비싼 수수료내가면서 뭐하는짓거리인지 모르겠다 개민,쿠팡,욕이요 다~~똑같은것들 말로는 업주들 생각해주는척 욕나온다~"
20201204,별표 5개 만점에 1개를 받았습니다.,8,앞선 리뷰에 적힌 문제점만 고쳐도 평점이 이렇진 않을걸 왜 아직도 못고치는지.. 심지어 배달하는 분까지 쿠팡 왜하냐며 그냥 배민만 하라고 할 정도로 배달하는 분들도 꺼리는 쿠팡잇츠... 진짜 이정도면 신경 좀 쓰세요. 고객만족도는 모르겠는데 사용자 입장에서는 그냥 어쩔수 없이 사용하는 배달앱밖에 안됩니다.
20210225,별표 5개 만점에 3개를 받았습니다.,10,주문안받는다고 전화울리는거 좀 안하게해주세요 바쁘면 좀 늦게 받을수도있잖아요 30초지나면 바로 전화 울리니 정말 시꺼러워 죽겠네요
20190819,별표 5개 만점에 1개를 받았습니다.,4,"여기 안좋은 리뷰는 삭제하나봐요? 앞서 배달파트너 고객센터 수준이 떨어진다고 적었습니다. 고객센터의 기본이 먼저 질문자의 의도를 파악하고 응대하는 건데, 여기 배달 파트너 고객센터는 전화안받는건 기본이고, 카톡플러스 고객센터 응답 시간은 기본 1시간에 기껏 기다려 답변 오는건 복사붙여넣기가 전부네요. 거기대고 제대로 답변해달라는 저에게 지적질만하네요? 본인이 제대로 의도를 파악않고 복사 붙여넣기민 하는 고객센터... 추가로 질문하니 따지며 싸뭄하자는 투로 얘기하는 고객센터 희한합니다. 제대로 운영하세요 삭제 그만하시고요."
20201224,별표 5개 만점에 1개를 받았습니다.,26,1 주문수락 30초안에 주문 수락해야하는데 그때 조리시간을 설정해야함 주문 내용을 확인해야 조리시간을 정하는데 30초 안에 안했다고 점수 떨어짐 주문 내용을 획인해야 조리시간을 설정할꺼 아닙니까? 책상에 앉아서 어플 만듬 2 4개 브랜드 운영중인데 이건 배민처럼 한군데 통합이 없음 하나는 컴퓨터 하나는 포스 두개는 핸드폰 따로 따로 주문받고 주문 음이 어디서 울리는지 찿아야함 당연히 30초 초과 3 컴퓨터가 꺼져 있는데 주문 확인 안했다 점수 깎임 책상머리 어플 4 조리를 생각보다 일찍해서 준비완료해도 점수 깍임 5 바빠죽겠는데 쿠팡기사 전화옴 주소가 여기 맞냐고 6 날도 추워서 음식 식을까 걱정인데 쓰레빠 질질 끌고 걸어서 배달 7 딴데 보다 수수료 싸다고 어필 하지만 절대 그렇지 않음 건당 수수료 배달비 카드수수료 절대 싸지 않음 8 똥콜이거나 기사가 안잡으면 한건 배송이더라도 대행기사님보다 훨씬 느림 9 500자초과 밑에 다른 리뷰 참고하세요
20201014,별표 5개 만점에 2개를 받았습니다.,7,앱에서 준비완료가 안눌려서 계속 배달파트너 올때까지 기다려야하네요. 설정한 준비시간을 초과하는 일이 발생하면서 점수가 떨어지는데 그러면 앱에 노출될때 안좋지않나요? 빠른 수정부탁드려요.
20190803,별표 5개 만점에 5개를 받았습니다.,21,좋습니다 배달원분들이 하나같이 친절하시고 정말빨리오십니다 터치도 간편해서 좋구요 고객센터도 신속하시고 쾌적합니다 근데 몇가지 불편한점은 1.고객님들이 별점에 텍스트도 넣을수있게 해주셨으면 좋겠습니다 피드백이 필요하니까요 2.포스에서 주문표를 뽑을수있게해주시면 좋겠습니다 주문이 몰리면 너무헷갈려요ㅠ 3.알람소리 설정할수있게 해주셨으면 좋겠습니다 소리가 작은편이라 바쁠땐 가끔늦게듣거든요ㅠ 4.가게소개나 메뉴소개적어놓을수있음 좋겠습니다 아직 만들어진지 얼마안돼서 여러가지 자잘한 사항들 개선해나가시면 쿠팡이 금방점령할것같습니다~
20190805,별표 5개 만점에 2개를 받았습니다.,17,아니 요즘 메뉴수정을 어플에서못하는곳이어딨나요 사소하게 가격수정하는것까지 하나하나 이메일을통해수정을하고 피드백도늦고 수정도 2주동안안되고 카톡상담원을하던 어플에서 수정가능하게 개발하던지하세요제발 상담사는 기계식답변만하고 자기네는전달밖에못한다라니. 인력을온통 배차에만쏟는건지 말도안되는시스템이에요
20200929,별표 5개 만점에 1개를 받았습니다.,10,개판이구만 콜센터는 묵묵부답 기사들은 대부분 무뚝뚝에 쓰래빠질질끌고오고 조리시간 선택은 왜 있는겨? 기사들한테 보이게하는게 어렵나? 홀에 손님 잔뜩있는데 조리실까지 쳐들어와서 언제나오냐고 묻자너 조리시간 기사들이 볼수있게해라 판매자도 고객이다 판매해서 수수료내고 일끝나고 월30회이상 시켜먹지만 쿠팡은 안쓴다 고객말좀 귀기울이자
20200929,별표 5개 만점에 1개를 받았습니다.,16,이런걸 배달어플이라고 하고있다니 고객요청사항조차도 해결해주지못하고 금액은 비싸고 어플자체 오류라도 뜨는 날에는 적어도 2~3일 이후에 처리된다고만 말하고 본사규율에 얽매여 본질조차 찾지못하는 3류 배달업체입니다.할 말 더 있지만 입이 더러워질까 여기까지 합니다 제발 다른 업주님들 요기요나 배민 다른거 이용하세요 차라리
20201205,별표 5개 만점에 1개를 받았습니다.,6,캡춰 보안은 왜 걸어뒀냐? 금융사도아니고 PC버젼 오류 나오면 주문 메세지가 안나왜서 캡춰해서 직원들한테 보내야되는데 아주 .. 아.. 진짜 내가 발로 만들어도 이거보단 낫것다. 외주 개발사라면 바로 갈아타는게 나을듯.. 개발자분은 비지니스록직 기본은 학습하고 하셔야될듯. 나 20년 이상 개발자. 요식업은 와이프가 하고 있음. 앱 개판 버젼 개판 배민이 더 나음. 내일 고객 센터 전화해서 문제점 얘기해주겠음. 베타테스터들 말 좀 듣고 개선 하시길.. 쿠팡 서비스는 좋은데 배달 앱 IT인프라는 속된말로 개판임
20200912,별표 5개 만점에 2개를 받았습니다.,25,메뉴 추가나 삭제를 하고 싶어도 너무 오랜시간 기다리게해서 불편하네요. 배민처럼 자유롭게 할수 있게 해주세요. 이런것까지 허락을 받고 고쳐야하니 아주 불편합니다.
20200924,별표 5개 만점에 1개를 받았습니다.,13,제발 메뉴수정기능 좀 업장에서 할수있게 해주세요 메뉴수정 할려면 메일보내라고 하고 불편해서 못쓰겠어요
20210226,별표 5개 만점에 1개를 받았습니다.,9,정말 별 하나도 아깝습니다. 대기업인데 시장조사는 어떻게 하고 이 사업에 진출한건지.. 가맹점 가셔서 단 한건이라도 직접 주문 받아보며 체험해보시길 간곡히 청해드리고 싶습니다.
20210101,별표 5개 만점에 2개를 받았습니다.,1,핸드폰으로 주문수락이.안됨
20210405,별표 5개 만점에 1개를 받았습니다.,15,충분한 상담능력도없이 가맹점만 무턱대고 늘려놓고는 무슨 메뉴수정에 3일 이상 걸리고 상담원 통화는 20분이상 기다려야돼고 무슨짓인건지 도대체 그냥 업주들 수수료만 빨아먹으면 된다는 심뽀인지 뭐하나 제대로된게 하나도 없음
20210108,별표 5개 만점에 1개를 받았습니다.,12,"기사 8분만에 온대서 땀흘려가며 음식만들면 모해요? 기사가 안온다고 전화오고,콜센터 전화해보니 우린 할수없으니 배달관제센터로 전화하라고?배달이 밀렷으니 전화못한다하니 본인들도 어쩔수없다고? 결국 배달관제센터에 직접전화하니 전화안받내? 다시 콜센터 전화해서 전화안받는다고 하니까 이제서야 본인들이 확인해본다구?장난하나 진짜... 첨부터 당신들이 직접확인하고 다시 기사를 배정하는게 맞는거야. 이래놓구 음식 식고 배달 늦으면 고객은 누구 잘못으로알까요? 어이가없어서 참내...별 한개도 아까워요"
20190801,별표 5개 만점에 1개를 받았습니다.,35,다른건 편리한대... 제발 무음으로 설정해놓으면 강제로 소리로 바뀌어서 알림 주지않게 고쳐주세요. 어디 일보러 갔을때 쿠팡 알림올까봐 핸드폰에서 손을 못놔요. 부탁드립니다. 알림 무음 기능 좀 제대로 넣어주세요.
20190805,별표 5개 만점에 3개를 받았습니다.,5,조리시간 1분 단위로도 설정할수 있게 업데이트 부탁드립니다..5분 단위라. 조리시간 맞추기 힘듭니다... 그리고 1번 이상 단골 분들은 주문시 확인할수있게 몇번째 주문 ~ 이런것도 있음 좋겟네요
20200622,별표 5개 만점에 1개를 받았습니다.,5,"이용불편 매장에서 사용하기 어려움, 주방에서 조리하다 주문받으려면 불편. 개발자가 주방에서 일하다 주문을 받는것에 대한 이해가 전혀 없는듯함."
20200910,별표 5개 만점에 1개를 받았습니다.,3,알림음 못 고치는겁니까?안고치는겁니까? 배달 영업시작되면 어디가서 다른 업무를 볼수가 없어요.매장에서 주문접수를 받았음에도 제폰에서 열어서 확인할때 까지 진동 소리 무한반복...주변에 광고시키는겁니까...적당히하고 수정 좀 하세요.
20201107,별표 5개 만점에 1개를 받았습니다.,7,제시간안에 음식을 만들어서 기사에게 주어도 기사가 픽업해서 가져갔지만 픽업을 누르지않고 가져간 한참 뒤 픽업을 눌러서 조리시간 정확도가 어이없이 낮게측정되요 이게 한두번이아니라 모든기사들이 그럼
20200806,별표 5개 만점에 1개를 받았습니다.,11,진짜 개 구립니다 먼 업데이트를 하면 괜찮아 진다고 거짓말을 치치 ㅋㅋㅋㅋ 메뉴수정하나 못하게 하는 어플인데
20210104,별표 5개 만점에 1개를 받았습니다.,4,손살보상 빨리 하라고!!! 3달이 넘어가도록 누락에 계속 미루다 거짓말에 지들이 잘못해 놓고 판매자는 마냥 기다리라고?? 삥땅치다 거짓말 들통나니 계속 미루면서 떼어먹게?? 쿠팡이츠에는 10원도 아까워서 다 받아낼테니 빨리 처리하세요.
20210225,별표 5개 만점에 1개를 받았습니다.,44,제발;알람설정좀 해주세요....버그걸린것마냥 한번울리는것도아니고 1분내내 울리는데... 이정도면? 어플사용하지말라는건가... 왠만한사람들이 다 똑같은걸로 말하는데... 개선이 1도안되네요
20200106,별표 5개 만점에 1개를 받았습니다.,12,주문 알람 설정못하는거 너무 불편함 음량조절도 안되고 무음해도 안되고 진동해도 안되고 로그아웃하고 재로그인해야하고 쓸수있는기능도 없고 영업일시정지때메 어플쓰는데 포스에서 되니 어플 쓸 필요가없어짐
20200722,별표 5개 만점에 1개를 받았습니다.,31,배민시스템의 좋은점을 인용하고 더 좋은 시스템으로 할수도있는데 쿠팡 최악입니다 라이더 비용 가맹점에서 일률적으로 가까우나 멀으나 5000원받아감 쿠팡라이더에게 배송료 얼마받냐고 물어보니 거리에따라 틀리나 평균적으로 3000~4000원 받으니 20%~40% 라이더비용 수수료로 쿠팡에서 가져가고 가맹점에서 건당1000원에 배송비5000원 3%수수료에 전체금액의 부가세10%공재~ㅠㅠ 20000원 팔아서 라이더비용 5000원에 배송비2000원~3000원 책정하고 가맹점의 배송선택도 없고 무조건 5000원 사전고지도 안해주고 사진무료로 찍어준다고 가맹먼저하게되고 나중에 수수료와 배송5000원이라고 이메일과 전화수없이한후 알게되었슴 배달료로 큰 회사라그런지 가맹업소에서 수수료챙기고 쿠팡배송원에게 엄청무시한 수수료챙기고 전체금액에서 30%정도 가져가는거로 그나마 지금은 프로모션~기간이라고 어이가 없습니다 소비자는 이런사실을 모르겠지요 탈퇴만이~~~ 시스템도 최악 수수료 하늘천입니다
20200605,별표 5개 만점에 1개를 받았습니다.,5,주문만 들어오면 협박 받는듯. 배달지가 어딘지 알지도 못하는데 보온가방도 없이 추운 날씨에 그냥 포장된 비닐을 그냥 들고 나가니 도착할땐 식어버릴까 걱정. 어떨땐 킥보드도 아닌 스케이트보드 타고 오는 사람도 있음.
20210127,별표 5개 만점에 1개를 받았습니다.,6,소리는 왜이렇게 작고.. 주문자가 취소한걸 수락율 떨어뜨리고.. 이런 치타배달은 왜 만들었나요?..개발자 상상력 특이하네요~ 운영해보시고 만들죠!! 아님 배민이라도 따라하시던가
20210205,별표 5개 만점에 1개를 받았습니다.,7,음식 다만들어놨는데 배달하시는분 40분만에 잡힘. 40분 기다리는동안 다른배달어플들은 벌써 출발.도착다했는데..왜 쿠팡만 라이더가 안오는건지. 프로그램하나 안되도 접수후 수일이 지나야되고 너무불편함. 별하나도 아깝!!!!!
20201027,별표 5개 만점에 1개를 받았습니다.,50,몇가지 다들 남기셨는데 동일합니다 어플 알람 온오프설정기능 필요하구요 리뷰에 대한 답글관리하게 해줘야 될것 같네요 변동사항을 모조리 소개글에 넣을수도 없고 그렇다고 연락을 할 방법도없고 여러모로 문제가 많습니다 일주일된 어플도 아닌데 개선이 이렇게 안되는건 문제가 크네요
20201203,별표 5개 만점에 1개를 받았습니다.,17,정말 불편한게많은 쿠팡이츠 시스템 수수료는 엄청나게받아가면서 고객센터 운영도 문제 메뉴변경및 가게정보변경도 문제 배달기사들도 문제 전부다 문제... 수수료나 적게받아가면할말없지만.... 개발자님 운영자님 정신차리세요
20200708,별표 5개 만점에 1개를 받았습니다.,44,별점 1개도 아깝네요. 일처리도 늦고 무슨 메뉴 가격은 멋대로 써놓고 맞춤법도 다 다르고 사진도 다 멋대로 하고 수정해달라고 그래도 느리고 제대로 되는게 없네요 직원을 다시 뽑던가 뭔가 조치가 있어야할거같네요
20201215,별표 5개 만점에 1개를 받았습니다.,17,제발 업소 메뉴 수정 좀 빨리 해 주시죠.메뉴 고치는 것도 너무 불편하고 이건 업소 늘리기만 급급해서 가입한가게는 아예 신경도 안 쓰시고 정말 뭣 같네요.
20210205,별표 5개 만점에 1개를 받았습니다.,6,쓰레기앱 1.모바일연동 안됨(주문수락못함) 2.배달기사 쓸데없는걸로 전화 계속해서 일을 못함 3.조리시간15분 고정 개오바.(튀기는데만 11분)
20200924,별표 5개 만점에 1개를 받았습니다.,13,밑에분들과 같게 쿠팡잇츠 조리완료 버튼 .....정말 싫음 음식빨리나가는데 왜점수를 깍이게하는지 ..우리가 쿠팡잇츠만하냐?? 너무 받눈고객입장에서만 생각하게 만들어놈..사장들한테는 이만저만 규ㅣ찮게 하는게 많은 어플
20201116,별표 5개 만점에 1개를 받았습니다.,13,모바일.주문접수가 또 안되는데... 도대체 언제 개선되나요? 접수 안눌리니까 계속 울리고 껏다가 다시켜서 하는게 얼마나 짜증나는지..
20200924,별표 5개 만점에 1개를 받았습니다.,23,"도대체 알림끄기 기능 하나 추가하는게 그렇게 어려운 일인가요, 무음은 커녕 아예 알림 권한 없음 처리를 해도 알림이 울리는데 무슨 어플이 권한따위도 무시하고 알림을 주는지.."
20200925,별표 5개 만점에 1개를 받았습니다.,26,"배달파트너 평가 누르면 UI 날라가는 버그좀 고쳐라 제발 배달파트너 그지같은 것들 오는것도 짜증나는데 리포트도 못하게 막는거냐??? QC,QA,그리고 CS팀들 이 내용부터 제발 빨리 파악해서 좀 리포트 올려주세요"
20200430,별표 5개 만점에 1개를 받았습니다.,3,고객센터 전화 친절히받으세죠 그러다 쳐맞아요..고객센터 일하는 직업의식도없는 양아치인가요? 음식팔고 정산은 왜 20일후에나 돈을 인출하게해놨나요?돈이 돌아야 장사를하죠?20일씩 묶어두면 장사하지말라는거잖아요?
20200731,별표 5개 만점에 1개를 받았습니다.,12,배달 진짜 문제 많네요. 대행사처럼 전문적으로 장비나 갖춘분들이 와서 배달좀 했으면 좋겠어요. 피자가방 하나없이 빈손으로 들어와서 음식 가져가는거 보면 힌숨나옴.
20190918,별표 5개 만점에 1개를 받았습니다.,2,메뉴수정하는데 무슨 메일을 보냄 언제 고쳐줄건데
20201110,별표 5개 만점에 1개를 받았습니다.,3,"넘 개선이 필요로합니다. 핸드폰이 진동이나 무음이면, 배달음 소리를 안내게만들어야하눈게 아닌가? 진짜 여러사람에게 피해를 주는것 같아요 진짜 개짜증"
20210622,별표 5개 만점에 1개를 받았습니다.,19,메뉴수정 가격변동 수정하는데 저희가 직접해야지 메일 통해서 해야되는건지 모르겠어요 메일보내고 일주일이 지나도 변경되지않고 너무 불편합니다.
20200818,별표 5개 만점에 5개를 받았습니다.,13,알림소리도 크고 주문수락 버튼도 잘되어있어서 사용이 편하며 메인화면에 내 매장점수를 확인할 수 있는게 너무 좋습니다ㅎ 딱히 사용하기 불편한점은 없어요 그리고 쉬는날 알람온다고 하는 사람들은 휴무설정 안해놔서 주문들어가서 울리는걸 어플탓하는건데 미리미리 휴무설정 해둡시다ㅋㅋㅋㄱ
20201112,별표 5개 만점에 3개를 받았습니다.,3,음식조리시간을 체크하면 누가보나요? 배달기사님은 못보신다던데 너무일찍와서 기다리고 계시면 마음이급해지고 좀그래요 어떤분은 기다리다 그냥가버리는분도 계시고 시간을 볼수있게해서 맞춰서 오시면 좋겠습니다
20200207,별표 5개 만점에 3개를 받았습니다.,6,메뉴 수정은 최소한 업주가 하게 할수 있게 해야되는거 아니예요? 매번 이메일로 보내야되고 바로 시정되는것도 아니고 너무 불편해요
20200908,별표 5개 만점에 1개를 받았습니다.,11,"메뉴 품절시 다시 판매가능으로 바꿨지만 변경되지 않음, 주문왔을시 소리 크기나 소리 온오프 설정기능 어플에 없음, 매우 아마츄어한 어플이라 삭제처리"
20200926,별표 5개 만점에 1개를 받았습니다.,24,최악의 배달앱.. 음식 나오고 20분이상 지나도 배달원 배정이 안되면 음식 어쩔.. 결국 고객은 매장으로 전화해서 난리치게 만드는 앱. 절대 다신 안쓴다.
20190920,별표 5개 만점에 2개를 받았습니다.,4,"고객센터 대응 뭣같음 옵션 품절처리없어서 어케하냐하니까 자기네는 방법이없단다 그럼 하루 상점 닫으냐고 물어보니 그방법밖에 없다고ㅋㅋ 말이야 방구야? 옵션도 품절 가능하게해야지 어플대충만들어서 출시한티 난다 폰, pc연동해서 둘중하나로 배달잡으면 하나는 계속 알람들리고 pc알람은 소리 너무작음"
20210217,별표 5개 만점에 1개를 받았습니다.,5,최악 전화받는데 30분이 넘게 걸리고 콜센터직원은 다른번호 알려주고 다시 전화하는데 30분ㅋㅋㅋㅋ배차 다시해달라니까 처리해준다고하고 안함 다른 직원분한테 다시 해달라고 요청 음식 배달완료 되려면 1시간30분소요가 말이됨?
20190925,별표 5개 만점에 1개를 받았습니다.,2,쿠팡이츠 주문 소리좀 그만내게 해 줘라 패치하기 싫으면 다른 회사에 팔어 제발 이따구로 냅두고 방치하지말고 우린 무슨 땅파서 돈버냐 왜 어플로 주문 받아도 소리가 계속 나냐고
20210109,별표 5개 만점에 1개를 받았습니다.,5,정말쓰기 불편합니다. 폰에서 미디어 소리 줄여놓으면 주문알림도 안울려요. 배민하고 너무 차이남..
20210414,별표 5개 만점에 5개를 받았습니다.,24,기사한테는 시간이 돈인데 가게 상세위치 잘 적어주시는 사장님들 따봉입니다.
20201122,별표 5개 만점에 1개를 받았습니다.,3,처음 가맹점 모을땐 수수료만 받는다더니 매출좀 늘어나니 배달비까지 두둑히 챙기는 배신의민족과 별다름없음. 팔면 팔수록 마이너스. 힘든시기 자영업자들 좀 챙기자.
20210227,별표 5개 만점에 1개를 받았습니다.,3,준비완료키를누르면 왜 모바일에서는 주문취소를 할수없다는 알림이 뜨나요?준비완료누를려고 하는데 황당하네요
20200527,별표 5개 만점에 1개를 받았습니다.,1,점주들하고 안맟는 쿠팡이츠 말은 번드르하게 파트너라고 주댕이질하는 쿠팡이츠 점주들이 부탁하는 이미지올려달라고 그렇게 부탁해도 안해주면서 점주들한테는 파트너라고 주댕이질하는 쿠팡이츠 점주들좀 생각해서 일처리좀 빨리해줘라.말만 파트너라고 주둥이질좀 그만하고.답답하고 열받아서 리뷰에다가 떨어다.쿠팡이츠 갑질들아
20201013,별표 5개 만점에 2개를 받았습니다.,9,설정에 알림음 변경 좀 해주세요 바쁠때 바로 확인 못하는 경우가 있는데 너무 계속 울려서 시끄럽습니다 설정에 뭐 너무 아무것도 없어서 설정란이 왜 있는건지를 모르겠네요
20210509,별표 5개 만점에 1개를 받았습니다.,7,최악중에최악~ 음식10분만에 나오면 뭐합니까. 배정 30분 기다렸는데 취소되더니 새로 배정된 시간이 106분ㅜ 장난하는것도 아니고 파트너분 전화 드렸더니 본인도 황당하다고 스토어에 계속 연락해도 연결이 안된다고~저희 업체는 경기도인데 파트너분은 서울이라네요ㅜ 50km 떨어져 있다고~ 다음에는 부산으로 부탁드려요. 메뉴 변경도 엉망이고요. 하루에 4~5번씩 전화해서 메뉴를 얘기하고 또하고 3주넘게 걸렸네요.저희는 단일품목이라 메뉴도 없어요. 근데 그것조차 잘못기재해서 바꾸는데 3주가 걸리고 스트레스~ 전화는 기본 10분 넘게 기다려야 받을까말까. 메뉴설명을 하고 또하고 확인까지 하고 끊어도 잘못 기재 하는걸 왜일까요ㅜ 그것도 3주씩이나~
20190822,별표 5개 만점에 1개를 받았습니다.,20,진짜 쿠팡이츠 엉망이에요 오늘 첫 배달 시작날인데 메뉴를 제대로 올려주지도 않고 배달하래요 수정 요청했더니 3일 걸린다네요? 뭐죠? 이렇게 준비 안된상태에서 배달 하라니요 참나
20210115,별표 5개 만점에 1개를 받았습니다.,22,배달라이더가 실수로 음식한개를 빠뜨리고갔는데 기사전화번호도 모르고 기사실수인데 손님은 리뷰테러하고 손님주소도 모르는데 2개이상주문들어오니 배달기사도 뭘들고 가야할지도 모르고 배달기사가 손님주소를 모른다고 물어보고 죄다 엉망입니다 배민보다 허접해요 ㅠ
20210122,별표 5개 만점에 1개를 받았습니다.,3,아주 엉망진창이네요? 배달부관리도 못하면서 앱은 왜 내셨어요? 쿠팡배달들어오면 스트레스부터받아요 배달부들 지맘대로고 배달비선불로 받아가놓고 왜 업장에서 딴배달업체까지불러서 보내야되나요? 돈만 두배로 지불하고있는데요? 관리못할거면 이딴거좀 하지마세요 왜 자영업자들이 피해봐야되나요?
20210217,별표 5개 만점에 5개를 받았습니다.,5,메뉴수정 업주님이 직접 작성해서 그때그때 업장에 민첩성과 다른 배달앱과의 형평성에 맞게 순발력있게 영업을 할수있게 수정 보안이 너무나도 긴급히 절실합니다 배민에 오늘 음식갑 3천원인상 쿠팡하고 동일한 시간대에 음식갑인상이 진행되어야하는데 4일후에 쿠팡은 3천원인상 헐~~ 동시간대에 형편성이 안맞쟌아요 시급한시정 요청합니다
20201202,별표 5개 만점에 1개를 받았습니다.,2,아직 알람기능 설정 안되는건가요? 그게 어렵나.. 애기 자는데 미친듯이 울려대네요. 이앱을 몇번을 지웠다 깔았다 하는지 에혀...
20210111,별표 5개 만점에 1개를 받았습니다.,7,시뮬레이션 돌려보기는 한건가.. 실사용하려면 패널티는 그냥 감수하고 써야하는앱..
20200602,별표 5개 만점에 1개를 받았습니다.,10,가게 사장님들은 주소 좀 보이게해주세요. 그리고 음식은 금방 나왔는데 배달 파트너분이 길을 잘 못찾으셨는지 면이 불었다고 하고.
20210128,별표 5개 만점에 1개를 받았습니다.,1,배달하는 업소두개인데 하나에 안뜨면 어떡해요. 피시접수도 그렇고 요기요좀보던가 다른배달어플좀 참고해서 만드세요. 주문도잘안들어오지만 너무불편해요. 조만간탈퇴할듯 ㅡㆍㅡ
20210131,별표 5개 만점에 1개를 받았습니다.,1,쿠팡은 너무 소비자 입장에서만 생각하는것 같네요 무슨 립뷰답글도 못남기게 되어있고 자영업자는 답답해도 어쩔도리가 없네요
20191030,별표 5개 만점에 1개를 받았습니다.,3,이딴 배달어플 사용하지마세요 1인배송? 웃기고 자빠졌네 배송기사들 다른 배달업체 하면서 쿠팡 같이 하느라 1개배송 절대 안한다. 그리고 무엇보다 비싸다. 배달기사한테 돈도 적게 주면서 많이 받아 처먹고 어디서 사기를 치면서 등처먹어
20210228,별표 5개 만점에 1개를 받았습니다.,5,쿠팡 밑에 리뷰다신분들 공감합니다 제발 빠른시간에 잘못된 방식 수정쫌하세요 배달의민족 보시고 참고를 하던지 그리고 가게전화를 등록해놔야지 왜 대표자 폰벅호를 등록해놧어요???어이가 없네요 버젓이 가게 전화번호가 있는데 왜 개인정보인 폰번호를 등록합니까 수정도 안되고 대체 기본도 안되있네요
20201208,별표 5개 만점에 1개를 받았습니다.,11,알림음량조절 안되는거 너무 불편합니다 버스타고 가다가 주문들어오는게 얼마나 짜증나는지..
20210302,별표 5개 만점에 5개를 받았습니다.,6,갤럭시 탭(sm-t530)에서도 사용 가능하게 어플 부탁드려요 배민사장님 요기요사장님 모두 되는데 쿠팡만 안되니 불편합니다.
20200601,별표 5개 만점에 3개를 받았습니다.,7,가맹점 등록하려는데 리뷰보고 접습니다 어느정도 개선되면 다시 오든지..
20210217,별표 5개 만점에 3개를 받았습니다.,1,신규주문 들어올때 팝업 띄워주세요. 상태표시줄에서 찾을려면 힘들어요.
20210204,별표 5개 만점에 1개를 받았습니다.,11,알람소리 크기가 너무 한정적입니다 좀더 크게 할수있게 해주세요 작아서 안들림ㅜㅜ..
20201126,별표 5개 만점에 1개를 받았습니다.,6,메뉴수정 요청하면 뚱딴지같이 바꿔놈 지나가는 초등학생한테 시켜도 이거보다 잘할듯
20210203,별표 5개 만점에 1개를 받았습니다.,4,진짜 엉망진창입니다ㅋ 세상에 전문적인게 하나도 없어요 앱도 그렇고 제일 심각한건 상담사들이나 톡상담 진짜 여기가 뭐하는 곳인지 교육도 안받은 사람들 앉혀 놓은 느낌? 어찌 상담할 때마다 매번 같은 느낌을 들게 하는지ㅋㅋ 제발 쿠팡이츠가 뭐하는 곳인지 사용자가 뭘 요구하는지는 알게 교육 좀 시키세요 앱 사용은 뭐..배민이랑 둘 다 하고 있는 입장에서 비교하기도 우습네요 갈 길이 멀구요..우선은 직원인지 알바인지 사람 교육부터 먼저 합시다요!
20210108,별표 5개 만점에 1개를 받았습니다.,2,정말 불편합니다 완성되지 않은 프로그램인듯한 느낌. 판매자는 하나도 고려하지 않은 최악이네요
20191017,별표 5개 만점에 1개를 받았습니다.,1,"쿠팡스토어 쿠팡배달파트너 동시 이용중인 사람으로써 한마디 조리시간으로 치타받는거 빼줘요 닭이 기름에 목욕하는 시간만 12분인데.. 설정한 시간에 맞추면 올라가고 그러던가.. 라이더 도착시간 제대로표기좀 조리시간에 맞춰올수있게 하든가 라이더 배정되면 음성으로알려주세요 스토어에서 라이더위치를 볼수있게 해주던가 시켜먹는 고객은 볼수있더만.. 어제 걸어서 배달하는사람들 배민처럼 보온가방 하나 들고 다니지않던데 파트너들 보온가방의무화 해야할듯 ☆☆스토어,파트너에게 꼭 필요한것들 조리시간 파트너한테 보여지게 해주세요 조리시간 20분 잡아두고 만들고있는데 10분만에 도착해서 5~10분정도 남았다고 하면 미안함 나도 파트너일을 하고있으니 아는부분이고 조리시간 알고도 빨리온거면 스토어는 파트너에게 미안한거 없고..파트너는 스토어에게 독촉,한숨푹푹 안하고 개망한 ai를 가진 쿠팡잇츠를 욕하겠죠..조리시간 공유안되는건 스토어랑 파트너를 이간질 시키고 쿠팡은 쏙~빠지겠다 이건데.."
20210104,별표 5개 만점에 1개를 받았습니다.,3,진짜 메뉴수정 답답해서 못해먹겠네요 메일보내도 몇일씩 함흥차사...
20210108,별표 5개 만점에 1개를 받았습니다.,,제발 알림설정좀 진동 선택 가능하게해주시죠.. 시대가 어느땐데 ㅡㅡ
20201021,별표 5개 만점에 5개를 받았습니다.,9,다좋은데 pc접수기기는 영수증도 뽑을수있게 해주세요 잘쓰고있습니다
20200630,별표 5개 만점에 4개를 받았습니다.,12,업소 두개 등록해주시고 한 폰에서 접수 못받으면 무슨소용이예요 배민처럼 등록한.매장.한번에.다 접수되게 해주세요
20191007,별표 5개 만점에 1개를 받았습니다.,9,십년넘게 스마트폰 쓰면서 알림설정안되는 앱은 이게 처음이네요 ㅡㅡ 무슨 귀신들린줄
20190619,별표 5개 만점에 3개를 받았습니다.,2,"겨우 3번 주문받아보네요. 배민,요기요에 비해 머가 문제인지 좀더 연구해야 할듯하네요"
20200628,별표 5개 만점에 2개를 받았습니다.,3,가격메뉴변동 및 추가기능이 부족
20200926,별표 5개 만점에 4개를 받았습니다.,3,신속하고 편리합니다 다만 결재를 늦게받을수있다는게좀 흠입니다
20201210,별표 5개 만점에 1개를 받았습니다.,6,완전 운영 너무잘하심^^ 오늘부로 해지합니다 절대 쿠팡사용안합니다 다신.
20190903,별표 5개 만점에 5개를 받았습니다.,,편리해서 좋아요
20201119,별표 5개 만점에 1개를 받았습니다.,1,업주인데 왜 삼성폰은 소리가 안멈추나요 ㅡㅡ
20210516,별표 5개 만점에 1개를 받았습니다.,2,배달요금이 개비싸요 저렴하게판매하는 자영업자들은 자원봉사하라는겁니까?
20210409,별표 5개 만점에 1개를 받았습니다.,1,안드로이드 5.0에서도 설치 될 수 있도록 해주세요.
20210304,별표 5개 만점에 1개를 받았습니다.,2,"스토어 고객센터든 매니저든 자기 실적만 중요하고 계약서도 없고 책임도 안지고 일처리는 늦고 촬영이나 계약, 오픈약속도 자기 마음대로. 이거때문에 스트레스받아서 쿠팡 대전지사 위치알면 가서 다 때려부수고 싶네요 진짜로 열받습니다 어떻게 이렇게 엿맥일수 있나 싶습니다 이거때문에 스트레스받아서 아무것도 못하겠습니다 진짜 입점하지마세요 말도 오지게 바꾸고 알려달라 닥달해야 합니다"
20200908,별표 5개 만점에 1개를 받았습니다.,2,답답하고 발전도 1도없는 고객만 리뷰남기면 뭐하나 답글달지도 못하고 업주들은 답답... 이래서 배민 잡겠나 싶음 배달 파트너들은 교육은 제대로 하는지도 궁금 배민꺼를 왜 들고가서 고객님한테 전달하다 1도 설명도안하고 다시매장가지고오고 영주증좀 확인하고 들고가야지 오히려 짜증내던디ㅋㅋ 고객센터는 통화하기도 힘듬 메뉴수정또한 신청하면 엄청걸림... 일본기업이라 느릿느릿한건가 배달만 빠르면 뭐해 업주들은 답답한게 많은데
20201216,별표 5개 만점에 1개를 받았습니다.,2,수수료 겁나 비싸네 배민이랑 요기요보다 더비싸다! 정말 최소금액 으로 배달받으면 무조건 손해네
20200926,별표 5개 만점에 5개를 받았습니다.,4,아주편리하고 좋아요 쿠팡만난것이 행운이예요
20200824,별표 5개 만점에 1개를 받았습니다.,3,일처리 진짜 안습 담당자는 통화 하기힘들고 요청을해도 참 답답합니다 에효 신규모집을 하지말던가 짜증만늘어나네
20210225,별표 5개 만점에 1개를 받았습니다.,,알람 꺼놔도 알람울린다고 써놨었는데 리뷰가 지워진거 같습니다. 리뷰를 일부러 지우시나요??
20210114,별표 5개 만점에 1개를 받았습니다.,5,폰으로 받으면 포스는 알아서 꺼지게좀 해주세요 짜증나죽겠네
20200329,별표 5개 만점에 1개를 받았습니다.,3,수수료 배달시간맞추기 자까틈
20210215,별표 5개 만점에 5개를 받았습니다.,5,넘조아요 시간이촉박하긴하지만 재료준비만되있으면괜찬아요
20210226,별표 5개 만점에 1개를 받았습니다.,2,매니저가 가게와서 깔아주지도 않음... 사장들한테 서비스도 개판이면서 돈이나 받아먹으려는 심뽀가 쓰레기임.
20200924,별표 5개 만점에 3개를 받았습니다.,2,품절시 검색 시스템이 있으면 좋겠습니다.
20200312,별표 5개 만점에 5개를 받았습니다.,2,메뉴조절이 힘듬
20210109,별표 5개 만점에 1개를 받았습니다.,1,이게 인간이 만든거냐 진짜 살다살다
20210225,별표 5개 만점에 5개를 받았습니다.,7,기사님너무빠르시고 이벤트도자주해서 좋은거같습니다
20210305,별표 5개 만점에 1개를 받았습니다.,3,쿠팡이츠 고객과 가맹점 배달라이더는 안중에도 없고 기준도 없고 지들 맘대로 하는구나 늦게 시작했으면 고객을 위할줄 알아라
20200305,별표 5개 만점에 1개를 받았습니다.,3,"배달의 민족때 배달대행에 시달려서 쿠팡이츠로 다시 시작을 했는데..역시 배달 하는사람들이 문제가 심합니다 직원 교육을 필요하다고 절실히 느껴집니다.""안녕하세요. 흔들지 말고 배달해주세요.""라고 하면 대답도 안하고 바로 흔들어서 갑니다.사진보면 다 흩어져서 배달되어있고 저희 한테도 불친절한데 손님한텐. 안봐도 뻔하죠. 게다가 갑질이 오집니다. 일거리는 우리 매장으로 부터 나오는데 말이죠. 코로나만 아니였으면 당장 해지 하고싶습니다."
20210203,별표 5개 만점에 1개를 받았습니다.,,진짜 하루하루 스트레스
20210226,별표 5개 만점에 1개를 받았습니다.,2,어떻게 이정도 규모의 회사에서 싱크하나 못맞추는지 도저히 이해가 안가네요
20210401,별표 5개 만점에 5개를 받았습니다.,2,사장님들 별점 살발하시네요 😭😭
20201030,별표 5개 만점에 1개를 받았습니다.,1,이상한 리뷰가 많은 어플!
20210321,별표 5개 만점에 1개를 받았습니다.,4,3주 사용해봤는데 이건 해지가 정답입니다 배민이나 계속 사용하는게 정신건강상 이롭습니다
20201005,별표 5개 만점에 1개를 받았습니다.,,별 하나 수집가들입니까 별하나도 아깝다
20201229,별표 5개 만점에 5개를 받았습니다.,1,주문 받기 좋고~흥했으면 좋겠네요!
20210626,별표 5개 만점에 1개를 받았습니다.,2,"고객리뷰작성에관해 사장님들은 댓글을달수없는게 너무불편하고,매장에서 조리시간과상관없이 라이더분들을 막보내주셔서 서로불편한감정이생깁니다"
20210310,별표 5개 만점에 1개를 받았습니다.,5,어플 설정 소리관련 업데이트 요망
20210203,별표 5개 만점에 1개를 받았습니다.,3,알림 다꺼도 지혼자 울리는 어플....처음보네요
20200620,별표 5개 만점에 5개를 받았습니다.,3,편하고 빨라요 배달중에 최고☆☆☆
20200727,별표 5개 만점에 1개를 받았습니다.,1,메뉴수정하는거 고객앱에 하나도 반영 안되는중 장사 어케하라는건지
20200721,별표 5개 만점에 2개를 받았습니다.,2,배민보다 많이 불편해요. 배민 셀프서비스 이런거 빨리 해주시길 바랍니다.
20201211,별표 5개 만점에 1개를 받았습니다.,1,알림설정이 불가. 근무하지 않을때도 알림 울려 불편
20210226,별표 5개 만점에 1개를 받았습니다.,3,콜센터 존재하기는 한건지 연결이 안돼내
20200430,별표 5개 만점에 1개를 받았습니다.,,가로모드 지원 쫌 빨리 부탁드립니다
20210106,별표 5개 만점에 1개를 받았습니다.,3,고객 요청사항이나 제때 처리 하시오
20191114,별표 5개 만점에 1개를 받았습니다.,1,시간이 금인 배달인데 자전거타고 와서 배달해주시네요 하.... ......
20200924,별표 5개 만점에 1개를 받았습니다.,,업데이트를 하면 뭐하는데요 그래봤자 구림 알람 좀 어떻게 해달라니까 능력이 안되면 하질 말아야지
20210226,별표 5개 만점에 1개를 받았습니다.,2,배민처럼 통합 배달 받는 프로그램 만드는게 그리 어렵나요
20200419,별표 5개 만점에 5개를 받았습니다.,4,빠르고 정확한 쿠팡 이츠 기대합니다!
20210217,별표 5개 만점에 1개를 받았습니다.,2,"쓰레기중에,쓰레기 과금방식과 시스템 등 이걸쓰는 자영업자 는 얼마나 장사가 안되는거야"
20190605,별표 5개 만점에 1개를 받았습니다.,,제발사라져줘라 쿠팡아!!!
20210221,별표 5개 만점에 1개를 받았습니다.,4,음량을 줄이거나 끌수가없네요 강압적인 조직문화.... 업계 소상공인들은 고객이 아닌가요?? 쿠팡 정말 이해안되네요^^;;
20210424,별표 5개 만점에 5개를 받았습니다.,6,쿠팡이츠란 어린나무가~ 고목이 되기를 바라며~^^
20190817,별표 5개 만점에 1개를 받았습니다.,,온오프 기능 없어서 너무 불편해요.
20190810,별표 5개 만점에 5개를 받았습니다.,2,쿠팡이츠가 배민보다 좋습니다 배민3년이용 고객인데 1인1배달시스템은 배민이 절대 따라올수 없습니다 무.조.건 언제 어느때라도 50분 이내에 배달되는 시스템도 배민이 따라올수 없습니다 배민은 빠를때도있고 늦을때도있고 몰리는 시간때는 또 늦고 쿠팡이츠는 그런일이 없네요 거기가 배민은 외국회사 넘어갔고 쿠팡은 우리민족 껍니다
20200806,별표 5개 만점에 1개를 받았습니다.,2,인간들아 영수증출력이 법적으로 중요한대 이거하나 처리못해서 2주이상 대기하냐? 영업사원은 매일 바쁜척^^ 부산에 금캐러가니? 매일부산이래ㅋㅋ 내가보낸 음식은 어느동네로 가는지 모름ㅋㅋ 쿠팡왈 배달은저희가책임집니다 ㅋㅋ 누가그걸모르니? 면종류음식은 거리체크 필수인걸모르나? 니네는 멀었어~~~~배민이 아무리 수수료 비싸다 오바떨어도 일처리는 제일깔끔해 배워라좀 니들은 별한개도 아까워
20200924,별표 5개 만점에 1개를 받았습니다.,3,후진거 투성이 배달중개 경험이 없으면 다른데 보고 베끼기라도하던가
20201205,별표 5개 만점에 1개를 받았습니다.,1,쿠팡 관리자들 너무 개판임. 승질나서 전화도 했는데 그냥 쓰라는 텔러 .. 고객관리 최악
20210118,별표 5개 만점에 1개를 받았습니다.,,18 니네가게냐 내가힘들어서 일찍문닫았는데 왜문자나전화로 거절눌렀다고난리야
20200926,별표 5개 만점에 1개를 받았습니다.,,알림좀진동으로되게는 언제되는겁니까
20210423,별표 5개 만점에 1개를 받았습니다.,1,이거만든새끼 대가리에총맞았음 ㅇㄱㄹㅇㅂㅂㅂㄱ
20200803,별표 5개 만점에 3개를 받았습니다.,,아직시스템이 미미한게 많아요
20210301,별표 5개 만점에 5개를 받았습니다.,,조리시간을 내가 입럭하니 좋아요
20201231,별표 5개 만점에 1개를 받았습니다.,1,불편 불편 불편 불편 배달에민족이 짱 시스템이 배달 전혀모르는 사람이 기획구성 배달가게 사장님들에게 조언을좀 구하세요
20210225,별표 5개 만점에 1개를 받았습니다.,9,아이디찾기기능이없네요
20200925,별표 5개 만점에 1개를 받았습니다.,,푸쉬알람좀 적당히 보내
20190606,별표 5개 만점에 5개를 받았습니다.,8,쿠팡이라 그런지 배달이 빠르네요
20210302,별표 5개 만점에 5개를 받았습니다.,1,빨라서 좋와요~
20190511,별표 5개 만점에 1개를 받았습니다.,1,아니 알림좀 꺼줘라! 알림 쫌! 끄게해달라고!
20201207,별표 5개 만점에 5개를 받았습니다.,1,코로나로 어려운 시기에 큰도움이 됩니다
20200822,별표 5개 만점에 1개를 받았습니다.,1,개떡임 그냥 배민좀보고 배우세요
20201206,별표 5개 만점에 1개를 받았습니다.,,고객센터 4가지 제로에요~ 극ㅎ
20210313,별표 5개 만점에 5개를 받았습니다.,,편리하고좋아요ㅡ~~
20190911,별표 5개 만점에 5개를 받았습니다.,15,화이팅!! 만드시느라 고생 많으셨어요!!!!
20201106,별표 5개 만점에 1개를 받았습니다.,2,완전 원시인 수준
20190416,별표 5개 만점에 5개를 받았습니다.,12,쿠팡이라 기대됩니다!!
20200924,별표 5개 만점에 5개를 받았습니다.,10,쿠팡 잘해주세요~
20190416,별표 5개 만점에 1개를 받았습니다.,,시간시스템이 최악
20190430,별표 5개 만점에 1개를 받았습니다.,1,모든면이별로다
20210225,별표 5개 만점에 1개를 받았습니다.,1,쿠팡이란 브랜드 평가절하되겟네
20210401,별표 5개 만점에 1개를 받았습니다.,3,배민 아니 요기요 라도 비슷하게 카피하시요
20210113,별표 5개 만점에 5개를 받았습니다.,16,쿠팡 화이팅! 샤오짠 화이팅!
20200828,별표 5개 만점에 5개를 받았습니다.,2,사용하기 편해요
20190528,별표 5개 만점에 5개를 받았습니다.,,사용하기 편리
20190731,별표 5개 만점에 5개를 받았습니다.,8,쿠팡 이츠 스토리 감사합니다
20190805,별표 5개 만점에 1개를 받았습니다.,1,이제 그만~~~
20190724,별표 5개 만점에 1개를 받았습니다.,,맨날 업데이트냐
20190506,별표 5개 만점에 1개를 받았습니다.,2,쓸데 없는 짓
20210306,별표 5개 만점에 5개를 받았습니다.,,좋아요. 빨라요!
20210401,별표 5개 만점에 1개를 받았습니다.,1,영수증 안나와요
20210225,별표 5개 만점에 1개를 받았습니다.,1,리뷰달게좀제발 손님번호나오게좀 제발
20210225,별표 5개 만점에 1개를 받았습니다.,1,가게 망하게하는앱
20210226,별표 5개 만점에 1개를 받았습니다.,1,암이다 모든게 암 걸린다
20200926,별표 5개 만점에 5개를 받았습니다.,,최고에요~^^
20210225,별표 5개 만점에 1개를 받았습니다.,,한 마디로 엿 같음
20201016,별표 5개 만점에 5개를 받았습니다.,,부가신고는 어떤게하나요?
20210225,별표 5개 만점에 1개를 받았습니다.,1,그냥 쓰레기 쓰레기 기업이 만든 쓰레기앱
20210414,별표 5개 만점에 1개를 받았습니다.,,개발자들아.. 월급 받기 미안하지 않니?
20210216,별표 5개 만점에 1개를 받았습니다.,,말할것도없음
20210120,별표 5개 만점에 1개를 받았습니다.,1,정신없슴ㅠㅠ
20210108,별표 5개 만점에 1개를 받았습니다.,,제발알람좀 ....
20210401,별표 5개 만점에 5개를 받았습니다.,,쿠팡 좋아요
20210227,별표 5개 만점에 5개를 받았습니다.,,좋아요~^^
20200402,별표 5개 만점에 1개를 받았습니다.,2,배민 카피라도 하세요
20201210,별표 5개 만점에 1개를 받았습니다.,,누구를위한 앱인지
20210217,별표 5개 만점에 1개를 받았습니다.,,업체등록은 어떻게하나요?
20200930,별표 5개 만점에 5개를 받았습니다.,11,제발 배민좀잡자 김정은 보다더독재다시스템개판점주들무시
20201222,별표 5개 만점에 1개를 받았습니다.,,준비완료 버튼 눌러도 기사 오는시간이 왔다갔다함 10분눌러도 15분눌러도 제시간에 안옴 온다음 준비하면 준비누르라고 문자옴 10분 15분에 준비해놔도 기사가 언제 올지모르니 미리준비못함 기사온다음 조리시작하면 기사가 빨리해달라고 재촉함. 어떻케 해야하나요? 요기요랑 배민1은 미리준비함 왜? 거의 시간 맞추어서 온다는 신뢰가있음
20210104,별표 5개 만점에 5개를 받았습니다.,,"배달시간지연되지않아서 좋은점우천시승용차로 배달가능한점굿ㆍ 한집방문굿,"
20190501,별표 5개 만점에 1개를 받았습니다.,,"메뉴수정, 가격등등 직접 할수있는게 거의 없네요"
20210817,별표 5개 만점에 5개를 받았습니다.,,좋아요
20210817,별표 5개 만점에 1개를 받았습니다.,,개같음
20210816,별표 5개 만점에 1개를 받았습니다.,1,아니아니요
20210608,별표 5개 만점에 5개를 받았습니다.,,굳
20210712,별표 5개 만점에 3개를 받았습니다.,,좋아요
20210321,별표 5개 만점에 5개를 받았습니다.,,조아요
20210401,별표 5개 만점에 1개를 받았습니다.,2,그지 같다
20210413,별표 5개 만점에 5개를 받았습니다.,,짱
20210303,별표 5개 만점에 5개를 받았습니다.,,굿
20210225,별표 5개 만점에 5개를 받았습니다.,,좋아요
20210225,별표 5개 만점에 5개를 받았습니다.,,편하고 빠릅니다
20210225,별표 5개 만점에 1개를 받았습니다.,,ㄴㅁ현
20210323,별표 5개 만점에 1개를 받았습니다.,,그저 최악
20210301,별표 5개 만점에 1개를 받았습니다.,,최악!!!
20210228,별표 5개 만점에 5개를 받았습니다.,1,좋아요
20210119,별표 5개 만점에 5개를 받았습니다.,,좋아요
20210130,별표 5개 만점에 5개를 받았습니다.,,방콕스토리
20210225,별표 5개 만점에 5개를 받았습니다.,,멋져요
20210131,별표 5개 만점에 1개를 받았습니다.,1,별루임 흥흥
20210225,별표 5개 만점에 1개를 받았습니다.,,그냥쓰래기
20210113,별표 5개 만점에 4개를 받았습니다.,3,좋아요
20210404,별표 5개 만점에 5개를 받았습니다.,,따봉
20201209,별표 5개 만점에 5개를 받았습니다.,,좋아요
20201219,별표 5개 만점에 1개를 받았습니다.,,겨고루루
20201206,별표 5개 만점에 5개를 받았습니다.,1,베리굿
20210109,별표 5개 만점에 5개를 받았습니다.,,만족
20201109,별표 5개 만점에 5개를 받았습니다.,,좋아용
20210225,별표 5개 만점에 5개를 받았습니다.,,좋아요ㅋㅋㅋ
20210302,별표 5개 만점에 5개를 받았습니다.,,👍
20201117,별표 5개 만점에 5개를 받았습니다.,,최고예요
20201124,별표 5개 만점에 5개를 받았습니다.,,최고 입니다
20201105,별표 5개 만점에 5개를 받았습니다.,,좋아요~
20201105,별표 5개 만점에 5개를 받았습니다.,,좋아요
20200924,별표 5개 만점에 5개를 받았습니다.,,좋아여
20200924,별표 5개 만점에 5개를 받았습니다.,1,사옹
20200924,별표 5개 만점에 5개를 받았습니다.,,좋음
20200924,별표 5개 만점에 5개를 받았습니다.,,좋아요
20201118,별표 5개 만점에 5개를 받았습니다.,,굿
20200924,별표 5개 만점에 5개를 받았습니다.,,좋아요
20200924,별표 5개 만점에 1개를 받았습니다.,,알람 참나~
20200924,별표 5개 만점에 5개를 받았습니다.,,굿
20200928,별표 5개 만점에 5개를 받았습니다.,,쉬움
20200715,별표 5개 만점에 5개를 받았습니다.,1,짱
20201005,별표 5개 만점에 5개를 받았습니다.,1,굿
20200601,별표 5개 만점에 1개를 받았습니다.,7,안됨
20200414,별표 5개 만점에 5개를 받았습니다.,2,Good
20190726,별표 5개 만점에 5개를 받았습니다.,5,좋아요
20190805,별표 5개 만점에 1개를 받았습니다.,,적당히하세요
